474,Rating [Legally blonde],1
474,Rating [Silver Linings],1
474,Rating [Twilight],1
474,Rating [Bridget Jones Diary],1
474,Rating [Pretty woman],1
831,Rating [Twilight],1
831,Rating [Bridget Jones Diary],1
62,Rating [Twilight],1
253,Rating [Twilight],1
253,Rating [Alien],1
253,Rating [2001: A space Odyssey],1
292,Rating [Twilight],1
445,Rating [Star Wars],1
705,Rating [The hungover],1
705,Rating [Twilight],1
339,Rating [Twilight],1
179,Rating [Star Wars],1
179,Rating [2001: A space Odyssey],1
179,Rating [Twilight],1
705,Rating [Despicable Me],1
705,Rating [Big Hero 6],1
705,Rating [The hungover],1
705,Rating [Twilight],1
705,Rating [Gone girl],1
792,Rating [Twilight],2
831,Rating [Mamma mia],2
831,Rating [Silver Linings],2
831,Rating [Pretty woman],2
204,Rating [Inglourious Basterds],2
253,Rating [The hungover],2
263,Rating [The big short],2
263,Rating [Almost famous],2
263,Rating [Inglourious Basterds],2
263,Rating [The usual suspects],2
263,Rating [Mamma mia],2
450,Rating [Star Wars],2
151,Rating [The hunger games],2
151,Rating [Twilight],2
52,Rating [Rocky],2
908,Rating [Kung Fu Panda 3],2
908,Rating [Twilight],2
236,Rating [Rocky],2
445,Rating [Big Hero 6],2
445,Rating [The big short],2
445,Rating [Mamma mia],2
705,Rating [Despicable Me],2
705,Rating [Almost famous],2
952,Rating [Pulp Fiction],2
938,Rating [Rocky],2
904,Rating [The godfather],2
805,Rating [Twilight],2
805,Rating [Alien],2
697,Rating [Bridget Jones Diary],2
339,Rating [Frozen],2
359,Rating [Inglourious Basterds],2
705,Rating [Legally blonde],2
705,Rating [Silver Linings],2
913,Rating [Twilight],2
792,Rating [Inside out],3
831,Rating [Spotlight],3
831,Rating [Almost famous],3
831,Rating [Pulp Fiction],3
831,Rating [Legally blonde],3
831,Rating [2001: A space Odyssey],3
204,Rating [Mad Max: Fury Road],3
204,Rating [Despicable Me],3
204,Rating [Big Hero 6],3
204,Rating [The big short],3
204,Rating [Pulp Fiction],3
204,Rating [Mamma mia],3
224,Rating [Mad Max: Fury Road],3
224,Rating [Inglourious Basterds],3
224,Rating [Twilight],3
686,Rating [The hunger games],3
519,Rating [Rocky],3
519,Rating [Despicable Me],3
519,Rating [Big Hero 6],3
519,Rating [Frozen],3
519,Rating [Legally blonde],3
519,Rating [2001: A space Odyssey],3
253,Rating [Kung Fu Panda 3],3
253,Rating [Inside out],3
253,Rating [Almost famous],3
253,Rating [The hunger games],3
253,Rating [Legally blonde],3
253,Rating [Silver Linings],3
253,Rating [Bridget Jones Diary],3
263,Rating [Mad Max: Fury Road],3
263,Rating [Inside out],3
263,Rating [Pulp Fiction],3
616,Rating [Rocky],3
616,Rating [The hungover],3
331,Rating [Twilight],3
355,Rating [The hunger games],3
355,Rating [Twilight],3
52,Rating [Kung Fu Panda 3],3
52,Rating [Despicable Me],3
52,Rating [The hungover],3
52,Rating [Mamma mia],3
52,Rating [Frozen],3
52,Rating [Silver Linings],3
52,Rating [Twilight],3
52,Rating [Gone girl],3
52,Rating [The matrix],3
52,Rating [Alien],3
3,Rating [Despicable Me],3
3,Rating [Big Hero 6],3
3,Rating [Inside out],3
3,Rating [Twilight],3
908,Rating [Spotlight],3
908,Rating [The hungover],3
913,Rating [Star Wars],3
913,Rating [Inglourious Basterds],3
913,Rating [The matrix],3
913,Rating [Alien],3
777,Rating [Frozen],3
777,Rating [Twilight],3
292,Rating [The hunger games],3
272,Rating [Kung Fu Panda 3],3
272,Rating [Mamma mia],3
272,Rating [2001: A space Odyssey],3
831,Rating [Star Wars],3
831,Rating [The hungover],3
236,Rating [Pretty woman],3
445,Rating [Spotlight],3
445,Rating [Mad Max: Fury Road],3
445,Rating [Kung Fu Panda 3],3
445,Rating [The hungover],3
445,Rating [The hunger games],3
445,Rating [The matrix],3
445,Rating [Alien],3
437,Rating [The hunger games],3
705,Rating [The matrix],3
705,Rating [Alien],3
952,Rating [The matrix],3
952,Rating [Alien],3
938,Rating [Frozen],3
938,Rating [Alien],3
904,Rating [Star Wars],3
953,Rating [Despicable Me],3
805,Rating [The matrix],3
805,Rating [The godfather],3
971,Rating [Twilight],3
971,Rating [Alien],3
697,Rating [Despicable Me],3
697,Rating [The usual suspects],3
339,Rating [The hunger games],3
339,Rating [Gone girl],3
339,Rating [The matrix],3
338,Rating [Despicable Me],3
179,Rating [Mad Max: Fury Road],3
179,Rating [Pretty woman],3
179,Rating [Star Wars],3
179,Rating [Pretty woman],3
705,Rating [Rocky],3
705,Rating [Almost famous],3
705,Rating [Bridget Jones Diary],3
913,Rating [The hunger games],3
913,Rating [Alien],3
913,Rating [Pretty woman],3
792,Rating [Star Wars],4
792,Rating [Spotlight],4
792,Rating [Rocky],4
792,Rating [Mad Max: Fury Road],4
792,Rating [Big Hero 6],4
792,Rating [The hungover],4
792,Rating [Silver Linings],4
792,Rating [The matrix],4
831,Rating [Inglourious Basterds],4
831,Rating [The usual suspects],4
204,Rating [Star Wars],4
204,Rating [Spotlight],4
204,Rating [Rocky],4
204,Rating [Kung Fu Panda 3],4
204,Rating [The hungover],4
204,Rating [Inside out],4
204,Rating [Almost famous],4
204,Rating [The hunger games],4
204,Rating [The usual suspects],4
204,Rating [Frozen],4
204,Rating [Twilight],4
204,Rating [Alien],4
62,Rating [The hunger games],4
479,Rating [Star Wars],4
479,Rating [Frozen],4
479,Rating [Legally blonde],4
479,Rating [Twilight],4
224,Rating [Star Wars],4
224,Rating [The hungover],4
224,Rating [Inside out],4
224,Rating [The usual suspects],4
224,Rating [Mamma mia],4
224,Rating [Frozen],4
224,Rating [Gone girl],4
686,Rating [Star Wars],4
686,Rating [Rocky],4
686,Rating [Kung Fu Panda 3],4
686,Rating [Despicable Me],4
686,Rating [Inglourious Basterds],4
686,Rating [Gone girl],4
686,Rating [The matrix],4
686,Rating [2001: A space Odyssey],4
686,Rating [The godfather],4
519,Rating [Mad Max: Fury Road],4
519,Rating [The hunger games],4
519,Rating [Inglourious Basterds],4
519,Rating [Alien],4
519,Rating [The godfather],4
253,Rating [Spotlight],4
253,Rating [Rocky],4
253,Rating [Big Hero 6],4
253,Rating [Mamma mia],4
253,Rating [Frozen],4
253,Rating [Gone girl],4
263,Rating [Spotlight],4
263,Rating [Rocky],4
263,Rating [The hungover],4
263,Rating [Alien],4
616,Rating [Despicable Me],4
616,Rating [Big Hero 6],4
331,Rating [Mad Max: Fury Road],4
331,Rating [The hungover],4
331,Rating [Mamma mia],4
331,Rating [Frozen],4
331,Rating [The matrix],4
450,Rating [Mad Max: Fury Road],4
450,Rating [Despicable Me],4
450,Rating [The hunger games],4
450,Rating [Twilight],4
151,Rating [Star Wars],4
151,Rating [Despicable Me],4
151,Rating [The hungover],4
151,Rating [Pulp Fiction],4
151,Rating [Gone girl],4
3,Rating [Mad Max: Fury Road],4
3,Rating [Kung Fu Panda 3],4
3,Rating [The hunger games],4
3,Rating [Silver Linings],4
908,Rating [Star Wars],4
908,Rating [Rocky],4
908,Rating [Mad Max: Fury Road],4
908,Rating [The hunger games],4
908,Rating [Gone girl],4
908,Rating [The matrix],4
913,Rating [Mad Max: Fury Road],4
913,Rating [The hunger games],4
913,Rating [Twilight],4
913,Rating [Gone girl],4
777,Rating [Spotlight],4
777,Rating [Despicable Me],4
777,Rating [Big Hero 6],4
777,Rating [Legally blonde],4
777,Rating [Bridget Jones Diary],4
777,Rating [Pretty woman],4
292,Rating [Rocky],4
292,Rating [Mad Max: Fury Road],4
292,Rating [Big Hero 6],4
292,Rating [Frozen],4
292,Rating [Gone girl],4
292,Rating [The matrix],4
272,Rating [Rocky],4
272,Rating [Mad Max: Fury Road],4
272,Rating [Despicable Me],4
272,Rating [The big short],4
272,Rating [The hunger games],4
272,Rating [The usual suspects],4
272,Rating [Frozen],4
272,Rating [Twilight],4
272,Rating [Gone girl],4
272,Rating [The godfather],4
254,Rating [Kung Fu Panda 3],4
254,Rating [The hunger games],4
831,Rating [The big short],4
831,Rating [The usual suspects],4
236,Rating [Inside out],4
236,Rating [Mamma mia],4
236,Rating [Frozen],4
236,Rating [Legally blonde],4
236,Rating [The matrix],4
445,Rating [Almost famous],4
445,Rating [The usual suspects],4
445,Rating [Silver Linings],4
445,Rating [Bridget Jones Diary],4
445,Rating [2001: A space Odyssey],4
437,Rating [Kung Fu Panda 3],4
437,Rating [Big Hero 6],4
437,Rating [Mamma mia],4
437,Rating [Twilight],4
437,Rating [The matrix],4
705,Rating [Inglourious Basterds],4
705,Rating [Pretty woman],4
952,Rating [Mad Max: Fury Road],4
952,Rating [Despicable Me],4
952,Rating [The godfather],4
938,Rating [Silver Linings],4
938,Rating [Twilight],4
938,Rating [Bridget Jones Diary],4
938,Rating [Gone girl],4
938,Rating [The matrix],4
938,Rating [2001: A space Odyssey],4
904,Rating [Kung Fu Panda 3],4
904,Rating [The hungover],4
953,Rating [Rocky],4
953,Rating [Mad Max: Fury Road],4
953,Rating [Kung Fu Panda 3],4
953,Rating [Big Hero 6],4
953,Rating [Silver Linings],4
953,Rating [Gone girl],4
805,Rating [Star Wars],4
805,Rating [Mad Max: Fury Road],4
805,Rating [Despicable Me],4
805,Rating [Almost famous],4
805,Rating [The hunger games],4
805,Rating [Pulp Fiction],4
805,Rating [Mamma mia],4
805,Rating [Legally blonde],4
805,Rating [Silver Linings],4
805,Rating [Bridget Jones Diary],4
805,Rating [Gone girl],4
805,Rating [2001: A space Odyssey],4
971,Rating [Mad Max: Fury Road],4
799,Rating [Star Wars],4
799,Rating [Despicable Me],4
799,Rating [The hunger games],4
799,Rating [Frozen],4
697,Rating [Almost famous],4
697,Rating [Frozen],4
697,Rating [Legally blonde],4
554,Rating [Alien],4
554,Rating [2001: A space Odyssey],4
339,Rating [Mad Max: Fury Road],4
339,Rating [Despicable Me],4
339,Rating [The big short],4
338,Rating [Rocky],4
338,Rating [Twilight],4
359,Rating [The hunger games],4
179,Rating [The hunger games],4
179,Rating [Pulp Fiction],4
179,Rating [Mad Max: Fury Road],4
179,Rating [Despicable Me],4
179,Rating [The hungover],4
179,Rating [Silver Linings],4
179,Rating [The matrix],4
705,Rating [Star Wars],4
705,Rating [The hunger games],4
705,Rating [Frozen],4
913,Rating [Star Wars],4
913,Rating [Inside out],4
913,Rating [Gone girl],4
792,Rating [Kung Fu Panda 3],5
792,Rating [Despicable Me],5
792,Rating [Pulp Fiction],5
792,Rating [Inglourious Basterds],5
792,Rating [Frozen],5
792,Rating [Legally blonde],5
792,Rating [Bridget Jones Diary],5
792,Rating [Gone girl],5
792,Rating [The godfather],5
792,Rating [Pretty woman],5
474,Rating [Star Wars],5
474,Rating [Spotlight],5
474,Rating [Rocky],5
474,Rating [Mad Max: Fury Road],5
474,Rating [Kung Fu Panda 3],5
474,Rating [Despicable Me],5
474,Rating [Big Hero 6],5
474,Rating [The hungover],5
474,Rating [Inside out],5
474,Rating [Inglourious Basterds],5
474,Rating [The usual suspects],5
474,Rating [Frozen],5
474,Rating [Gone girl],5
474,Rating [The matrix],5
474,Rating [Alien],5
474,Rating [2001: A space Odyssey],5
474,Rating [The godfather],5
831,Rating [Star Wars],5
831,Rating [Rocky],5
831,Rating [Mad Max: Fury Road],5
831,Rating [Kung Fu Panda 3],5
831,Rating [Despicable Me],5
831,Rating [Big Hero 6],5
831,Rating [The hungover],5
831,Rating [Inside out],5
831,Rating [The big short],5
831,Rating [The hunger games],5
831,Rating [Frozen],5
831,Rating [Gone girl],5
831,Rating [The matrix],5
831,Rating [Alien],5
831,Rating [The godfather],5
204,Rating [Gone girl],5
204,Rating [The matrix],5
204,Rating [2001: A space Odyssey],5
204,Rating [The godfather],5
204,Rating [Pretty woman],5
62,Rating [Star Wars],5
62,Rating [Rocky],5
62,Rating [Mad Max: Fury Road],5
62,Rating [Kung Fu Panda 3],5
62,Rating [Despicable Me],5
62,Rating [The hungover],5
62,Rating [Pulp Fiction],5
62,Rating [Inglourious Basterds],5
62,Rating [Silver Linings],5
62,Rating [Gone girl],5
62,Rating [The matrix],5
62,Rating [The godfather],5
479,Rating [Despicable Me],5
479,Rating [The hungover],5
479,Rating [The hunger games],5
479,Rating [The matrix],5
224,Rating [Rocky],5
224,Rating [Kung Fu Panda 3],5
224,Rating [Despicable Me],5
224,Rating [Pulp Fiction],5
224,Rating [Bridget Jones Diary],5
224,Rating [The matrix],5
224,Rating [Alien],5
224,Rating [2001: A space Odyssey],5
224,Rating [The godfather],5
686,Rating [Mad Max: Fury Road],5
519,Rating [The matrix],5
253,Rating [Star Wars],5
253,Rating [Mad Max: Fury Road],5
253,Rating [Despicable Me],5
253,Rating [The big short],5
253,Rating [Pulp Fiction],5
253,Rating [Inglourious Basterds],5
253,Rating [The usual suspects],5
253,Rating [The matrix],5
253,Rating [The godfather],5
253,Rating [Pretty woman],5
263,Rating [Star Wars],5
263,Rating [Kung Fu Panda 3],5
263,Rating [Despicable Me],5
263,Rating [Big Hero 6],5
263,Rating [The hunger games],5
263,Rating [Frozen],5
263,Rating [Twilight],5
263,Rating [The matrix],5
263,Rating [The godfather],5
263,Rating [Pretty woman],5
616,Rating [Kung Fu Panda 3],5
616,Rating [The matrix],5
331,Rating [Star Wars],5
331,Rating [Kung Fu Panda 3],5
331,Rating [Despicable Me],5
331,Rating [Inside out],5
331,Rating [Gone girl],5
355,Rating [Despicable Me],5
355,Rating [Pulp Fiction],5
355,Rating [Frozen],5
450,Rating [Pulp Fiction],5
450,Rating [Inglourious Basterds],5
450,Rating [Gone girl],5
450,Rating [The matrix],5
450,Rating [The godfather],5
151,Rating [Kung Fu Panda 3],5
151,Rating [Inside out],5
151,Rating [The matrix],5
151,Rating [2001: A space Odyssey],5
151,Rating [The godfather],5
151,Rating [Pretty woman],5
3,Rating [Star Wars],5
3,Rating [Rocky],5
3,Rating [Gone girl],5
3,Rating [The matrix],5
908,Rating [Almost famous],5
908,Rating [Pulp Fiction],5
908,Rating [Inglourious Basterds],5
908,Rating [The usual suspects],5
908,Rating [Silver Linings],5
908,Rating [The godfather],5
908,Rating [Pretty woman],5
913,Rating [Kung Fu Panda 3],5
913,Rating [Despicable Me],5
913,Rating [Inside out],5
913,Rating [The godfather],5
913,Rating [Pretty woman],5
777,Rating [The hungover],5
777,Rating [Inside out],5
777,Rating [Inglourious Basterds],5
777,Rating [Silver Linings],5
777,Rating [Gone girl],5
777,Rating [The godfather],5
292,Rating [Star Wars],5
292,Rating [Kung Fu Panda 3],5
292,Rating [Despicable Me],5
292,Rating [The hungover],5
292,Rating [Pulp Fiction],5
292,Rating [Inglourious Basterds],5
292,Rating [The usual suspects],5
292,Rating [Silver Linings],5
292,Rating [The godfather],5
272,Rating [Star Wars],5
272,Rating [Big Hero 6],5
272,Rating [The hungover],5
272,Rating [Inside out],5
272,Rating [Pulp Fiction],5
272,Rating [Silver Linings],5
272,Rating [The matrix],5
272,Rating [Alien],5
272,Rating [Pretty woman],5
831,Rating [Rocky],5
831,Rating [Mad Max: Fury Road],5
831,Rating [Inside out],5
831,Rating [Frozen],5
831,Rating [Twilight],5
831,Rating [Alien],5
831,Rating [Pretty woman],5
236,Rating [Kung Fu Panda 3],5
236,Rating [Despicable Me],5
236,Rating [Big Hero 6],5
236,Rating [The hungover],5
236,Rating [The hunger games],5
236,Rating [Twilight],5
236,Rating [The godfather],5
445,Rating [Rocky],5
445,Rating [Despicable Me],5
445,Rating [Inside out],5
445,Rating [Pulp Fiction],5
445,Rating [Inglourious Basterds],5
445,Rating [Frozen],5
445,Rating [Legally blonde],5
445,Rating [Twilight],5
445,Rating [Gone girl],5
445,Rating [The godfather],5
445,Rating [Pretty woman],5
437,Rating [Star Wars],5
437,Rating [Pretty woman],5
705,Rating [Star Wars],5
705,Rating [Spotlight],5
705,Rating [Rocky],5
705,Rating [Mad Max: Fury Road],5
705,Rating [Kung Fu Panda 3],5
705,Rating [Inside out],5
705,Rating [The big short],5
705,Rating [The hunger games],5
705,Rating [Pulp Fiction],5
705,Rating [The usual suspects],5
705,Rating [Bridget Jones Diary],5
705,Rating [2001: A space Odyssey],5
705,Rating [The godfather],5
952,Rating [Star Wars],5
952,Rating [Inside out],5
952,Rating [The hunger games],5
952,Rating [Gone girl],5
938,Rating [Kung Fu Panda 3],5
938,Rating [Despicable Me],5
938,Rating [Inside out],5
938,Rating [Legally blonde],5
938,Rating [The godfather],5
938,Rating [Pretty woman],5
904,Rating [The usual suspects],5
904,Rating [The matrix],5
904,Rating [Alien],5
953,Rating [The hungover],5
953,Rating [The big short],5
953,Rating [Pulp Fiction],5
953,Rating [Inglourious Basterds],5
953,Rating [The usual suspects],5
953,Rating [The matrix],5
953,Rating [Alien],5
953,Rating [2001: A space Odyssey],5
953,Rating [The godfather],5
805,Rating [Spotlight],5
805,Rating [Rocky],5
805,Rating [Kung Fu Panda 3],5
805,Rating [The hungover],5
805,Rating [Inside out],5
805,Rating [Pretty woman],5
971,Rating [Kung Fu Panda 3],5
971,Rating [Despicable Me],5
971,Rating [Inside out],5
971,Rating [Frozen],5
971,Rating [The godfather],5
799,Rating [Kung Fu Panda 3],5
799,Rating [The matrix],5
799,Rating [The godfather],5
697,Rating [The hungover],5
697,Rating [The big short],5
697,Rating [The godfather],5
554,Rating [Star Wars],5
554,Rating [Kung Fu Panda 3],5
554,Rating [Inside out],5
554,Rating [The hunger games],5
554,Rating [Frozen],5
554,Rating [Twilight],5
554,Rating [The matrix],5
554,Rating [The godfather],5
13,Rating [Star Wars],5
13,Rating [Spotlight],5
13,Rating [Rocky],5
13,Rating [Kung Fu Panda 3],5
13,Rating [Despicable Me],5
13,Rating [The hungover],5
13,Rating [Twilight],5
13,Rating [The matrix],5
13,Rating [Alien],5
339,Rating [Kung Fu Panda 3],5
339,Rating [Big Hero 6],5
339,Rating [The hungover],5
339,Rating [Inside out],5
338,Rating [Star Wars],5
338,Rating [The hungover],5
338,Rating [Inglourious Basterds],5
338,Rating [The matrix],5
338,Rating [Alien],5
338,Rating [The godfather],5
359,Rating [Kung Fu Panda 3],5
359,Rating [Despicable Me],5
359,Rating [Frozen],5
179,Rating [Rocky],5
179,Rating [The hungover],5
179,Rating [Inglourious Basterds],5
179,Rating [The matrix],5
179,Rating [The godfather],5
179,Rating [Rocky],5
179,Rating [Inglourious Basterds],5
179,Rating [The godfather],5
705,Rating [Spotlight],5
705,Rating [Mad Max: Fury Road],5
705,Rating [Kung Fu Panda 3],5
705,Rating [Inside out],5
705,Rating [The big short],5
705,Rating [Pulp Fiction],5
705,Rating [Inglourious Basterds],5
705,Rating [The usual suspects],5
705,Rating [Mamma mia],5
705,Rating [The matrix],5
705,Rating [Alien],5
705,Rating [2001: A space Odyssey],5
705,Rating [The godfather],5
705,Rating [Pretty woman],5
913,Rating [Mad Max: Fury Road],5
913,Rating [Kung Fu Panda 3],5
913,Rating [Despicable Me],5